filename,z
synthetic_000.png,"[-1.0384089946746826, -0.37967249751091003, 0.7389488816261292, -0.614027202129364, 0.9380624294281006, 0.16016322374343872, -0.0975494533777237, -0.8800013661384583, 1.6353641748428345, -0.1772463470697403, -0.011805933900177479, -1.0312271118164062, 0.724651575088501, 0.4164588451385498, 0.7450931072235107, -0.4685586094856262, -0.7536518573760986, -0.23366430401802063, 1.9308946132659912, 0.5285909175872803, -0.12766753137111664, 0.20040233433246613, -0.8395187854766846, -1.792586326599121, 0.6095688939094543, -1.6844793558120728, 1.541373372077942, -1.5007773637771606, -0.6687158942222595, -2.092322587966919, 0.6600121855735779, -0.6430331468582153]"
synthetic_001.png,"[1.117963433265686, -0.12697356939315796, 0.1835896521806717, 1.7439854145050049, -0.5201402902603149, -0.05514206364750862, -0.008522946387529373, -0.19952161610126495, 1.0588892698287964, -1.5569950342178345, -0.37149176001548767, -1.4102418422698975, 0.07707369327545166, -1.1793832778930664, 0.8275493383407593, -0.13279785215854645, -0.6910113096237183, 0.6577086448669434, 0.13219763338565826, 0.8825310468673706, -0.044682059437036514, 0.6749669313430786, -0.0485793761909008, -1.1933374404907227, -0.6499472856521606, -0.08484692126512527, -0.8932878375053406, -0.5431182384490967, -0.030973300337791443, -2.1783695220947266, -0.44836893677711487, 1.3766478300094604]"
synthetic_002.png,"[-0.8557386994361877, 3.0156567096710205, 0.11393188685178757, -0.8327017426490784, -1.602440595626831, -1.0201046466827393, 0.9892562627792358, 0.898959219455719, -1.0736792087554932, -0.7482591867446899, 1.2825829982757568, 0.6827101111412048, -0.330435186624527, -0.914421021938324, -0.854803740978241, -0.19652731716632843, -0.38272783160209656, -0.5453352928161621, -1.6614086627960205, 1.2520027160644531, -0.1425359696149826, 0.8266744613647461, -0.38085123896598816, 0.9511585831642151, -1.4238102436065674, 0.024418696761131287, 0.014766061678528786, -1.5091125965118408, -0.517935574054718, -1.360176920890808, 2.057497501373291, 0.7654140591621399]"
synthetic_003.png,"[2.0053415298461914, -1.3834741115570068, -0.3932722508907318, -1.7352348566055298, -1.4023736715316772, 0.11342619359493256, 0.8132752776145935, -0.9470816850662231, 0.48635491728782654, 1.4557409286499023, -0.45546016097068787, -0.5426424741744995, 0.03862528130412102, 0.509527325630188, -1.4067022800445557, 0.17773932218551636, -0.5596455931663513, 0.30531617999076843, 0.2716284394264221, 0.5995340347290039, 0.3505987823009491, -0.982135534286499, 0.11531774699687958, -0.8171907067298889, 0.22549422085285187, 0.5440155267715454, -0.5910075902938843, -0.7803550362586975, 0.9287078976631165, -0.8676998019218445, 1.2382968664169312, 0.27750182151794434]"
synthetic_004.png,"[0.5255091786384583, -0.875603199005127, 0.09401810169219971, 0.07678426802158356, -1.3475929498672485, -0.8441514372825623, -1.0223534107208252, -0.24765151739120483, -0.6256363391876221, -1.5827897787094116, -0.31881579756736755, 0.5146771669387817, -1.0578967332839966, 0.26316195726394653, -0.7960964441299438, -2.1164987087249756, 0.33996427059173584, -0.3187694251537323, -1.4041873216629028, -0.6579599380493164, 0.9183267951011658, -1.9139347076416016, 1.5638550519943237, -0.5483304858207703, 0.6873344779014587, -0.11055415868759155, -2.1429858207702637, 1.192429780960083, 0.8825855255126953, 0.4166257381439209, -0.7061498165130615, 0.970469057559967]"
synthetic_005.png,"[-0.06885644793510437, -0.07943154871463776, -0.5193583965301514, -0.2468298375606537, 1.241559624671936, 0.011004887521266937, 0.8849828243255615, -0.8599250316619873, -1.2996141910552979, 0.5973637700080872, 0.6879950165748596, 0.5878812670707703, 0.2530432939529419, -0.8182063698768616, -0.6594355702400208, -0.5703102946281433, -0.361907422542572, 0.11617779731750488, -0.6814250946044922, 0.38185614347457886, -0.11768077313899994, -0.6523846983909607, 2.372131586074829, 1.13494074344635, 0.36215683817863464, -0.23356984555721283, 1.3557093143463135, 1.5940370559692383, 0.4568406641483307, -0.5447083711624146, -0.3763148784637451, -0.10622470080852509]"
synthetic_006.png,"[-1.2173881530761719, 1.2766884565353394, -0.013346846215426922, 1.4459176063537598, 1.0637158155441284, 0.052220650017261505, 1.2711265087127686, 0.787181556224823, -1.6611350774765015, -0.5535858273506165, 1.8432470560073853, 1.4388628005981445, 1.8845582008361816, 0.1262677162885666, -0.11611132323741913, 0.8460503220558167, -0.9322999715805054, 0.47541865706443787, -0.03793271631002426, -0.49217844009399414, -0.8688381314277649, -0.7390554547309875, -1.528241515159607, 0.8991744518280029, -1.1479532718658447, -0.16396395862102509, -0.47395604848861694, -0.24922405183315277, -0.5208337903022766, -0.03901851549744606, 1.3818546533584595, -1.1942013502120972]"
synthetic_007.png,"[-0.362557053565979, 0.3788333237171173, -1.1671046018600464, 0.07684101909399033, -0.7492530941963196, 0.25667959451675415, 0.9947961568832397, 1.475353717803955, 0.5370806455612183, -0.973931610584259, 0.17830200493335724, 0.7205129861831665, -0.27019253373146057, -0.26384708285331726, -1.5771067142486572, -0.9445629715919495, 0.592380940914154, -0.2914922833442688, -0.5502219200134277, 1.6186864376068115, -0.34287741780281067, -1.445732593536377, 2.864319324493408, 0.6023401021957397, -0.2119632363319397, -0.7121348977088928, 0.7847859263420105, -0.024219857528805733, -1.1984950304031372, 1.0325136184692383, 0.8910131454467773, 1.0287582874298096]"
synthetic_008.png,"[0.8872436881065369, 0.23752941191196442, 0.13437139987945557, 0.10314518958330154, 0.09334804117679596, 1.1671503782272339, -0.7639512419700623, -2.8129329681396484, -0.6487002968788147, -0.9786165952682495, 1.1407514810562134, -1.804316520690918, -0.5234099626541138, -2.1409239768981934, 0.26525604724884033, 1.0555510520935059, 0.31661346554756165, -1.3105247020721436, 0.8756979703903198, -0.6574373841285706, -0.5802676677703857, -0.30504390597343445, -0.025025898590683937, -0.7315633296966553, 0.041118741035461426, -1.127626895904541, 0.3708007037639618, -0.25977039337158203, -0.5664401054382324, -0.020605051890015602, 0.10850673168897629, -0.29569435119628906]"
synthetic_009.png,"[0.2773815989494324, -1.4721589088439941, 1.6089340448379517, -0.37266385555267334, 2.0868265628814697, 0.9153099060058594, 0.33610665798187256, 1.0929157733917236, -0.7280580401420593, -1.1259243488311768, 0.6036972999572754, -0.19582021236419678, 0.4876500070095062, -0.6212653517723083, -1.4161994457244873, 0.20626139640808105, 0.30955034494400024, -0.09454592317342758, 1.4592372179031372, -2.590599536895752, -1.6159805059432983, -0.19373604655265808, 0.9697984457015991, -0.9743896126747131, 1.1406534910202026, 0.8159488439559937, -0.5582720041275024, 0.5143662095069885, 0.30172306299209595, 1.5221035480499268, 0.5076510310173035, -1.554291009902954]"
synthetic_010.png,"[0.706492006778717, 1.0913584232330322, 0.36456525325775146, -0.41619664430618286, 0.9239754676818848, 0.21469540894031525, 1.9633828401565552, 1.819925308227539, 0.846316933631897, -0.0049301148392260075, 2.167142629623413, 1.0204626321792603, -0.1093059778213501, -0.3507295548915863, -0.3926825225353241, 0.10736259073019028, 0.8699660301208496, -0.25484493374824524, 1.860564947128296, 0.42030295729637146, -0.21220563352108002, -1.4732177257537842, -0.29107987880706787, 1.065544843673706, -0.9297416806221008, 1.8144840002059937, -0.716010570526123, -1.678002953529358, 0.612659215927124, 2.204395294189453, -0.02288324013352394, 1.3466452360153198]"
synthetic_011.png,"[-0.9749859571456909, -0.17479246854782104, 1.162107229232788, 0.4446828365325928, 1.8093888759613037, 1.8506850004196167, -2.146050453186035, -1.0117528438568115, -0.6058258414268494, -0.7381920218467712, 0.737528920173645, 0.6973596215248108, 0.2822285294532776, 0.3099150061607361, 0.22522643208503723, 0.9975095987319946, -0.6486935019493103, -1.2252107858657837, 0.47277623414993286, 0.09493421018123627, -0.5594924688339233, 0.1555519700050354, 0.4777986407279968, 0.9331662654876709, -0.513062596321106, -1.280514121055603, 0.6215689778327942, -0.2202761322259903, 1.1049489974975586, -0.5701847672462463, -0.4945842921733856, -1.447880506515503]"
synthetic_012.png,"[1.4607831239700317, -0.0679643452167511, 0.023739032447338104, 0.4353583753108978, -0.38061949610710144, 1.3664445877075195, 0.48787498474121094, 0.3668191432952881, 0.048843953758478165, -0.728955090045929, 0.1464584320783615, 0.7162168025970459, 1.4471282958984375, 0.6902771592140198, 0.8613853454589844, 0.45131224393844604, 1.8580660820007324, -1.459831953048706, -0.9394374489784241, 0.8888429999351501, 0.12342831492424011, 1.5050636529922485, -0.17084412276744843, 1.027235746383667, 0.639800488948822, 1.283742070198059, -1.1289381980895996, -2.0938656330108643, -1.2676966190338135, 0.8127530813217163, 0.7374899983406067, 0.11214397102594376]"
synthetic_013.png,"[-0.169912189245224, -2.073207139968872, -0.21309949457645416, -0.18367153406143188, -1.6061973571777344, 0.9755172729492188, -2.07855486869812, 0.3601182997226715, -0.47670650482177734, 2.232653856277466, 0.001773487194441259, 0.4001956582069397, -0.1131177619099617, -0.21885645389556885, -1.0815250873565674, -0.183733269572258, -0.3053002953529358, 0.4606650769710541, -0.6222805976867676, 1.9340943098068237, 0.370158851146698, 0.3072008788585663, 1.2847647666931152, 0.7297713160514832, -0.6879755258560181, 1.912656307220459, -1.8481045961380005, -1.599652647972107, -1.012343168258667, -0.9384667277336121, -1.0544753074645996, -0.3846345841884613]"
synthetic_014.png,"[-1.49065101146698, 0.12827250361442566, 0.2573173940181732, -0.5005852580070496, -1.0186258554458618, 0.7881579995155334, 0.8252069354057312, 0.21113920211791992, 0.1619398593902588, -0.19233758747577667, 0.6753193140029907, -0.7490136623382568, -0.9711973667144775, 0.6326088905334473, -1.4227691888809204, -0.3238743841648102, -1.9640967845916748, -0.3432369828224182, -0.22775661945343018, 0.4811851978302002, -0.7491018176078796, -1.300742268562317, -0.7711276412010193, 0.08542899787425995, -0.9482266902923584, -1.914852261543274, 0.13511298596858978, 0.2781731188297272, 1.3145722150802612, -1.6389241218566895, -0.4002440869808197, -0.26727208495140076]"
synthetic_015.png,"[0.6186752319335938, -0.5485712885856628, 0.6693927049636841, 0.6670932173728943, -0.38631701469421387, 0.1478050947189331, 0.1519174724817276, 0.18837755918502808, -1.3166638612747192, 1.5434421300888062, 0.853183388710022, -1.1994305849075317, -0.782442033290863, 0.6031679511070251, -1.0224316120147705, -0.08613216876983643, -0.7745293378829956, -0.8242371082305908, 0.933958888053894, -1.0264347791671753, -0.19551444053649902, -0.3355511724948883, 1.4233192205429077, 0.44091713428497314, 1.6600396633148193, -1.8663742542266846, 0.6106480360031128, -0.5057008266448975, -1.0748522281646729, -1.9067963361740112, 1.0720634460449219, -0.41487258672714233]"
synthetic_016.png,"[-0.04897931218147278, 1.7254009246826172, 0.2400221973657608, -0.9175711274147034, 0.6332854628562927, -0.2839816212654114, -0.04302731901407242, -0.3284946084022522, 2.358365058898926, 0.8652235269546509, -1.321862816810608, 0.05842510983347893, -0.6867579817771912, -0.9458551406860352, -0.8689650893211365, -0.8799636363983154, -0.08299413323402405, 1.2544552087783813, 0.19537338614463806, 0.7649987936019897, 1.1829614639282227, 1.3019394874572754, -0.9569510817527771, -1.7724570035934448, -0.19619286060333252, -0.06839409470558167, 1.7063109874725342, -0.42687302827835083, 0.07881524413824081, 1.4534356594085693, 0.3765751123428345, -0.10373830795288086]"
synthetic_017.png,"[0.34545543789863586, -0.2710299789905548, -0.6367905735969543, 2.138671636581421, -0.5753662586212158, -0.9687519073486328, 0.6755138039588928, 1.5007450580596924, 0.1067347452044487, -0.12681512534618378, 0.32681742310523987, -1.6670849323272705, 1.4348323345184326, 0.018103713169693947, 0.08083214610815048, 0.07318715006113052, 0.7348161339759827, 1.4379791021347046, -0.4096992313861847, -0.13600999116897583, -0.410674124956131, -0.2169933021068573, -0.891930103302002, 0.2570187449455261, -0.8344732522964478, 0.4116910994052887, -0.04738592356443405, 0.6866006255149841, -0.03430948406457901, 0.4452036917209625, 0.3169073164463043, -0.7110624313354492]"
synthetic_018.png,"[0.4221913516521454, 0.018741078674793243, 1.1539301872253418, -0.4520411491394043, 0.4180672764778137, 0.8616273999214172, 0.40343961119651794, 0.4101167321205139, 0.794156014919281, 0.9698022603988647, 1.2639813423156738, -1.0086135864257812, 0.18746235966682434, -1.4759941101074219, -1.7520571947097778, 0.10130686312913895, -1.9333604574203491, -0.9523532390594482, 0.1779211014509201, 0.1680050939321518, 2.187849283218384, 0.7260228395462036, -0.7146894931793213, -0.7601417899131775, -0.31528252363204956, -0.3738248944282532, -1.1188287734985352, 0.5887191891670227, -1.3560898303985596, 0.8877269625663757, -0.4024532735347748, 0.2009163200855255]"
synthetic_019.png,"[-0.05090649053454399, 0.7257840037345886, 0.005965603049844503, -1.0288641452789307, -0.026866070926189423, -0.6004072427749634, 0.36833465099334717, 2.4737088680267334, -1.591326117515564, -0.11948861181735992, 1.5546748638153076, -0.31428319215774536, -1.8342857360839844, 0.29657384753227234, -1.134817361831665, -0.7273656725883484, -0.19532829523086548, -1.3166817426681519, -0.5448620319366455, 0.3866914212703705, -1.247846007347107, 0.5607444643974304, 0.06941288709640503, -0.615674614906311, -2.1731762886047363, 0.06819961220026016, 0.8555058836936951, -1.2800074815750122, -0.5946318507194519, 0.44355374574661255, 1.0407458543777466, 2.240100383758545]"
synthetic_020.png,"[0.16191664338111877, 0.7638765573501587, -0.024760551750659943, -0.2847333550453186, -0.14164188504219055, -0.36705026030540466, -2.6235573291778564, 1.2365825176239014, -1.9705158472061157, 0.3895893096923828, 0.4092601239681244, 1.4020183086395264, 0.21380922198295593, 0.8853535652160645, -0.15520602464675903, -1.8581100702285767, 0.8539177775382996, -1.0255078077316284, 0.8083861470222473, 1.262402892112732, 1.1532084941864014, 0.3646639585494995, -1.3898297548294067, 0.2569980025291443, 0.915442705154419, 0.6892259120941162, -0.8699551224708557, 1.220426082611084, -0.826768696308136, -1.2998353242874146, 0.14833413064479828, -0.00963892973959446]"
synthetic_021.png,"[3.0358235836029053, 0.09364459663629532, -0.33048421144485474, -0.22811470925807953, -0.39393630623817444, -2.1597964763641357, 0.5112930536270142, -0.024745546281337738, -0.9763705134391785, -0.6991168856620789, 0.06876447051763535, 0.34033024311065674, -0.3479309678077698, 0.4186020493507385, -0.31407690048217773, 0.24174968898296356, -0.4520096778869629, 1.0664650201797485, 0.028649121522903442, -0.41315674781799316, -0.9048817157745361, -0.8100385665893555, -1.0341615676879883, -3.12107253074646, 0.8171891570091248, 0.09666146337985992, 0.3364734947681427, 0.5775555372238159, -0.7845341563224792, 0.29732537269592285, 0.0022934454027563334, 0.3129851222038269]"
synthetic_022.png,"[-0.3957585096359253, -1.431762933731079, -2.1069512367248535, 0.2545338273048401, 1.2426120042800903, 0.49802857637405396, 0.04645382985472679, 0.25270316004753113, 2.0023186206817627, -0.07803338021039963, -1.2631882429122925, 0.15768025815486908, -0.3086449205875397, 0.00863017700612545, 0.36251020431518555, 0.29864996671676636, -0.9019996523857117, 0.10185746848583221, -0.6049979329109192, -0.9266404509544373, 1.1669466495513916, 0.38569629192352295, 0.15952643752098083, 2.137312412261963, 1.4475187063217163, -0.7649156451225281, 1.2009702920913696, 1.010643720626831, -0.5870516300201416, -0.9227325320243835, -1.6363627910614014, 0.03640986979007721]"
synthetic_023.png,"[1.5987658500671387, 0.026094982400536537, 0.22809496521949768, -0.426147997379303, -1.8503413200378418, 1.606524109840393, -0.6016387343406677, -0.3694997727870941, 0.468823105096817, 0.1681300699710846, 0.5293139219284058, -0.6291324496269226, 0.1445414274930954, 0.6352670192718506, 1.6342071294784546, -0.10398302227258682, -0.1693550944328308, -0.5096259117126465, -0.20074248313903809, 0.10570557415485382, 0.5589509010314941, -0.8310654759407043, 2.3882293701171875, 1.30681312084198, -1.7426371574401855, 0.674565315246582, 1.2207614183425903, 3.115485906600952, 0.27715179324150085, 0.7004815936088562, -0.35537251830101013, -1.7958946228027344]"
synthetic_024.png,"[-0.19712883234024048, -0.7845144271850586, -0.5350908637046814, 1.0279853343963623, -1.5951780080795288, -0.2355843484401703, 0.3288351893424988, 1.087406039237976, -0.2182595580816269, -1.4527361392974854, -0.978933572769165, 1.236013650894165, 1.53465735912323, -1.0588302612304688, -1.5179542303085327, 0.11152757704257965, 0.022167814895510674, -1.0038732290267944, 0.2986162006855011, -0.3459646999835968, -1.3211218118667603, -0.4141782522201538, -0.3565586507320404, 0.7170369029045105, -0.073470838367939, -0.5274330973625183, -1.775119662284851, 1.5807386636734009, -0.11998677998781204, 0.21671941876411438, -0.02181735448539257, 1.1555087566375732]"
synthetic_025.png,"[-1.5019525289535522, 0.1342468559741974, 0.0396333746612072, 0.6353340744972229, 0.8932899236679077, 0.7346605062484741, 1.5911582708358765, -1.155058741569519, 0.7006982564926147, -0.3917802572250366, -2.263801097869873, 0.17023710906505585, -0.7305846214294434, -0.7583397030830383, -0.16083432734012604, 0.0012465785257518291, 0.6561989188194275, -0.24566668272018433, 0.062067072838544846, 1.9864039421081543, 1.020064353942871, -0.2558000981807709, -1.2304133176803589, -1.2676093578338623, -0.28798750042915344, -1.0255237817764282, -1.2082477807998657, 0.5799769163131714, 0.6010820269584656, -0.03731488063931465, 0.8904266953468323, -0.17457665503025055]"
synthetic_026.png,"[1.286481261253357, -0.33629584312438965, 0.22640927135944366, -0.05620745196938515, 0.22042812407016754, -0.9611949324607849, 1.0256026983261108, 0.39371415972709656, -2.0373802185058594, -0.4484058916568756, 0.4135817289352417, -0.7419303059577942, 1.0430949926376343, -0.635408878326416, 0.48230841755867004, -2.0794966220855713, -0.5704806447029114, -0.6531252264976501, -0.06267162412405014, -1.5041297674179077, -0.6640616059303284, -1.839033842086792, -0.7106227874755859, 0.046251505613327026, -1.0339059829711914, 0.1366366744041443, -0.03859782591462135, 0.7857838273048401, -1.145021915435791, 0.8557830452919006, 0.5143432021141052, -0.2803747057914734]"
synthetic_027.png,"[-0.07308290898799896, -0.6390894651412964, 0.44614601135253906, 0.905301570892334, 0.6318668127059937, -0.03009742684662342, -0.23235389590263367, -3.0688772201538086, -1.0097358226776123, -0.8171800374984741, 0.9731462001800537, -0.5441976189613342, -0.38023173809051514, -0.4732459783554077, 1.2077945470809937, -0.32216501235961914, 0.5483896732330322, -0.9385543465614319, 2.5190536975860596, 0.5005156993865967, 0.8986558318138123, -0.3389189839363098, -0.9264753460884094, -0.27365508675575256, 0.4584231376647949, 2.2209739685058594, -0.14455276727676392, -0.1492980569601059, 0.736121654510498, -0.9756633639335632, 0.6587374806404114, 0.5565062761306763]"
synthetic_028.png,"[-0.5065498352050781, -0.19399993121623993, -0.12232349812984467, -0.8227272629737854, -0.44447097182273865, -0.28162235021591187, -1.224961280822754, -0.5953652262687683, -1.2853575944900513, 0.7269643545150757, -0.2337304651737213, -0.9983168244361877, 0.4995171129703522, 0.08501137793064117, -1.273359775543213, 0.8878269791603088, -0.03359774500131607, -1.4532078504562378, 0.7148783206939697, -0.7886905074119568, 2.726062297821045, 0.014084161259233952, 0.3174949884414673, 1.089782476425171, -0.010507060214877129, 1.4403643608093262, 0.7995035648345947, -1.1789774894714355, 0.742749810218811, 2.812812328338623, -2.6526834964752197, 0.744771420955658]"
synthetic_029.png,"[-0.32035860419273376, -1.1201224327087402, -1.5004768371582031, 1.250440239906311, 0.3566194176673889, -0.18299952149391174, -0.5430865287780762, 1.0976370573043823, 0.018729113042354584, -0.4394139349460602, 0.13769640028476715, 0.7101872563362122, -0.015064381994307041, -1.3550947904586792, 0.35276278853416443, 1.3904119729995728, -0.49676448106765747, 0.778374195098877, 0.23029480874538422, -2.272352457046509, 1.1664997339248657, -1.9834975004196167, -0.09820348769426346, 0.19343000650405884, 1.703698992729187, 0.46036961674690247, -0.20474840700626373, 0.4220961928367615, -0.9978117346763611, 0.7527916431427002, -0.4209330976009369, 0.13799318671226501]"
synthetic_030.png,"[0.26614129543304443, -0.5783898234367371, 2.651841402053833, -0.35180503129959106, -1.3416357040405273, 1.2091411352157593, -0.3930008113384247, 0.00927014835178852, 0.4958168566226959, -0.013940740376710892, 0.48303982615470886, 0.6410026550292969, 1.1404163837432861, -0.05941800773143768, 0.7121673226356506, 0.9048529267311096, -1.439941167831421, 1.3051254749298096, -0.3315739333629608, 0.9634073376655579, -0.44221019744873047, 0.8002173900604248, -0.5613266229629517, -1.5422284603118896, -0.009194745682179928, -0.19263961911201477, 0.9054449796676636, 1.3327018022537231, 0.23949870467185974, 2.088594675064087, -1.2418467998504639, 0.40019893646240234]"
synthetic_031.png,"[-0.12160191684961319, 0.20132657885551453, 0.5971195697784424, -0.37645092606544495, 0.7974061965942383, -0.0753931850194931, 2.003140926361084, -0.7283923625946045, 1.2461161613464355, -1.131704568862915, 0.19449150562286377, 0.21310152113437653, 0.35094085335731506, 0.7463893890380859, 0.14126402139663696, -1.1625046730041504, 0.3278486430644989, 0.45694130659103394, 0.7630549073219299, -0.7104810476303101, -1.51017427444458, -0.9667053818702698, 0.38142895698547363, -0.7050023674964905, -0.38816696405410767, 0.06967765837907791, -1.487749695777893, -2.751751184463501, 1.7946661710739136, -1.8229702711105347, 1.2369014024734497, -0.07656293362379074]"
synthetic_032.png,"[0.3001682460308075, -3.103177309036255, 0.17590275406837463, -1.0359199047088623, 1.138192892074585, 0.2671067416667938, 1.4824928045272827, -1.6832371950149536, -1.478272557258606, 1.6914026737213135, -0.8766212463378906, 0.43695899844169617, 1.169100046157837, 0.4080392122268677, -0.6582209467887878, 0.0391712561249733, -0.8576861023902893, -0.7457190155982971, -0.48377522826194763, 0.06221138313412666, 0.16586336493492126, 0.05388321727514267, 0.5997260212898254, 0.6704879403114319, 0.40175101161003113, -0.6091508269309998, 0.9229063987731934, -0.29579517245292664, -0.4400063157081604, 1.0420734882354736, -0.6748631596565247, -1.0862542390823364]"
synthetic_033.png,"[-1.6497576236724854, 0.07311810553073883, -0.07363927364349365, -0.19040890038013458, 0.9059436917304993, -1.8984277248382568, 0.9473423361778259, 0.6281276345252991, 0.07918144762516022, 0.7027204632759094, -1.1468981504440308, -1.642039179801941, -0.40267401933670044, 1.5488495826721191, -0.290866494178772, 1.3763434886932373, 1.0564554929733276, 0.7594234347343445, 0.5113795399665833, 1.1953425407409668, -1.2070990800857544, -1.1347770690917969, 1.2594841718673706, 2.1577980518341064, -0.982388436794281, -0.11748234927654266, -0.0017358482582494617, -0.6030610203742981, 0.18498022854328156, -0.8301434516906738, -1.7772998809814453, 1.796716570854187]"
synthetic_034.png,"[-1.340467095375061, -0.3346126973628998, 1.7399169206619263, 0.7486777305603027, -0.6664267182350159, -0.039410363882780075, -1.4678360223770142, -0.30574625730514526, -0.39011234045028687, 0.6902371644973755, 0.09210511296987534, 0.5538763999938965, -0.05021088570356369, 1.4279330968856812, 0.2788239121437073, -0.8293126821517944, 0.6020827293395996, 1.523036003112793, -0.5753088593482971, -0.23367415368556976, -0.790775716304779, 0.6992620229721069, -1.9852991104125977, -0.07814986258745193, -1.6954874992370605, 1.7886648178100586, -1.2476357221603394, -0.6860266923904419, -0.12159251421689987, 0.7964756488800049, -0.12442754954099655, 1.1149572134017944]"
synthetic_035.png,"[-0.17910216748714447, -0.1917552649974823, -1.0248501300811768, -1.2252970933914185, -0.7306981682777405, 1.871755599975586, 1.0306614637374878, -0.17649194598197937, -0.16936920583248138, 0.5557730197906494, -0.6835322380065918, 0.08942923694849014, -0.34130316972732544, -0.3915942311286926, -0.783113956451416, 0.7605204582214355, 0.2781486213207245, -1.8988487720489502, 0.7577305436134338, 1.470483660697937, 1.2315975427627563, 0.7747641205787659, 1.3110380172729492, 1.3747451305389404, 0.23227596282958984, -0.20696628093719482, -0.9926160573959351, -1.1660149097442627, -1.6681594848632812, 0.8037366271018982, -0.34700584411621094, -0.4901884198188782]"
synthetic_036.png,"[-1.2559716701507568, 0.5891536474227905, 0.9688524603843689, 2.245086908340454, 1.0052024126052856, -0.2403583824634552, 1.7282761335372925, 1.1987396478652954, 0.08008415997028351, -0.399800181388855, -0.9571614861488342, 0.9108766317367554, 0.6103847622871399, 0.9658076167106628, 1.9730534553527832, -0.5445595383644104, 1.769191861152649, -0.6533927917480469, -1.4117411375045776, -1.7722294330596924, -0.8574352264404297, 0.8470872044563293, 1.4597450494766235, -1.7194314002990723, 0.40747398138046265, 2.0689170360565186, -0.22675199806690216, 0.9864175319671631, -1.915450930595398, 0.688572883605957, 1.3229851722717285, -0.6916664242744446]"
synthetic_037.png,"[-0.2678396999835968, 0.8076861500740051, -0.45871657133102417, 0.3169928193092346, -0.6946424841880798, 0.5965835452079773, 1.0660368204116821, -0.033527519553899765, -0.5615370869636536, -0.16503292322158813, 1.068786859512329, -0.7876536250114441, 0.6366859674453735, 0.5948140025138855, -0.8430976867675781, -1.5913337469100952, 1.1844971179962158, 0.8573336601257324, -0.02357182465493679, 1.2636593580245972, -0.2135516107082367, 0.058183759450912476, 0.7150876522064209, 0.2208407074213028, -1.0252315998077393, 0.41005373001098633, -0.5683026909828186, 0.1969461590051651, 0.9904446601867676, -1.5089356899261475, -0.6030619144439697, 1.421739101409912]"
synthetic_038.png,"[-0.29273998737335205, -1.9424067735671997, -0.6886236071586609, 1.3947077989578247, -1.4529293775558472, -0.3349512815475464, 0.3213343322277069, -0.0906636118888855, 0.03170529380440712, -1.5099213123321533, 1.2018250226974487, 0.9734362363815308, 0.7331894636154175, 1.1892145872116089, -0.26186296343803406, -1.1666330099105835, 1.013810634613037, -0.02027658373117447, -0.03005397692322731, 0.31235021352767944, 1.5075503587722778, 1.8847835063934326, -0.9617642760276794, -0.9877012968063354, 0.5346896052360535, -0.2063390612602234, 1.4968476295471191, 0.5510639548301697, -0.0839877501130104, 1.2318962812423706, -0.6127738952636719, 0.7337649464607239]"
synthetic_039.png,"[-2.010348320007324, 0.20043881237506866, 1.4938294887542725, 0.46623140573501587, -1.6698132753372192, -1.180679202079773, -1.0553033351898193, -0.12339695543050766, 0.46230190992355347, 0.6759864687919617, -1.2144817113876343, 0.041957270354032516, 0.24595648050308228, 1.2383781671524048, 0.29643920063972473, -0.36546605825424194, 0.15829557180404663, 0.5811882019042969, 1.5769586563110352, -0.08332457393407822, -2.066016674041748, 2.0970630645751953, -0.6954077482223511, -0.8327328562736511, 1.0199471712112427, 0.7102489471435547, -1.140129566192627, -0.13943037390708923, -0.3860987722873688, 1.0114063024520874, 2.033449649810791, -0.5497922897338867]"
synthetic_040.png,"[0.9151293635368347, 0.7031257152557373, 1.1106866598129272, -0.4233601689338684, 0.4426659047603607, -1.0699260234832764, 0.8896936178207397, -1.4277007579803467, 2.280007839202881, 0.8807339072227478, -0.9133155941963196, -0.6993486285209656, -0.7725271582603455, -2.048234701156616, -0.15852291882038116, -0.5746757984161377, 0.39918187260627747, -1.1183823347091675, -1.4832103252410889, 0.9309172034263611, -0.23318316042423248, 0.07016196846961975, 1.2328985929489136, 0.5323749780654907, 0.53590327501297, -0.8901816606521606, -0.771369457244873, 1.1874486207962036, -0.8225932717323303, -0.7023715972900391, 0.1369684785604477, 0.8621231317520142]"
synthetic_041.png,"[0.36193913221359253, -0.24867601692676544, -1.2191879749298096, 1.4639993906021118, 0.7343695759773254, -0.1954614520072937, -0.3111251890659332, 0.7685844898223877, -1.2763495445251465, -0.21252882480621338, -0.324869841337204, -1.6504360437393188, -1.03554368019104, -1.343887209892273, -0.4339061379432678, -2.2244925498962402, -0.5168620347976685, -0.8027912974357605, 1.0666451454162598, -0.4146718978881836, 1.854401707649231, -0.8172386288642883, -0.3814445734024048, 0.8977938890457153, -0.20430982112884521, -1.1078569889068604, 0.07146047055721283, 0.08922076970338821, -0.5070416331291199, 1.8225016593933105, -0.7224786281585693, -0.5474337339401245]"
synthetic_042.png,"[-1.141343593597412, -0.6137200593948364, 0.6737303137779236, -0.20932689309120178, 0.3634859621524811, -1.7720391750335693, -0.8690823316574097, 0.6564725041389465, -1.3401237726211548, -0.5416842699050903, -0.2570393979549408, -2.9193642139434814, -0.707046627998352, -0.3412283658981323, -0.6676682233810425, -1.0587177276611328, 0.11655710637569427, 0.5734268426895142, -0.04955793544650078, 0.5679540634155273, -0.4783061444759369, -0.22459624707698822, 1.1717076301574707, 0.09115719050168991, -0.6461485028266907, -0.3809623718261719, -0.13041570782661438, 0.6360376477241516, -1.0248479843139648, -0.492125540971756, -1.3231185674667358, -0.6418176293373108]"
synthetic_043.png,"[-1.9779856204986572, -0.42195743322372437, -0.7262313365936279, -0.8914743065834045, -0.5944160223007202, 1.6391390562057495, 1.432052731513977, 1.0105257034301758, 1.219265103340149, -0.5551109910011292, -0.5607384443283081, -0.6485817432403564, 0.048942215740680695, 0.27516427636146545, 1.3777199983596802, 1.2937699556350708, -0.4285728335380554, 0.9832553863525391, 0.8297438025474548, 0.6096790432929993, 0.6605178117752075, -0.05942530930042267, -0.3828894793987274, -0.016139088198542595, -0.4355839788913727, 0.2873189449310303, 0.3170190751552582, -0.7834397554397583, 0.10026741027832031, -1.2927954196929932, -1.3452519178390503, 0.9526205658912659]"
synthetic_044.png,"[0.14406931400299072, -1.7228078842163086, 0.2701566815376282, 0.1609787493944168, -1.784602403640747, -1.8239299058914185, 1.2605106830596924, 1.3973743915557861, -1.8052910566329956, -0.7709829211235046, 0.26765716075897217, 1.9141160249710083, -0.5088427662849426, -1.9048049449920654, -1.347522497177124, 0.32216787338256836, 0.8612653017044067, 0.3427235782146454, 0.7960034012794495, 0.004011690616607666, 2.104832410812378, 0.7198004126548767, 0.14646697044372559, 0.5942610502243042, 0.042656250298023224, -0.5704004168510437, 0.704487144947052, -0.2329176813364029, -0.5420264601707458, -1.2709503173828125, 3.356935977935791, -0.7568080425262451]"
synthetic_045.png,"[-1.623200535774231, 0.09253698587417603, -1.7259156703948975, -0.5645563006401062, -1.279545545578003, 1.5137001276016235, -0.7025113701820374, 0.43239492177963257, -0.7690727710723877, -1.319225549697876, 1.160093903541565, -0.9631804823875427, 0.17770110070705414, 1.3102548122406006, 0.777520477771759, -0.262389212846756, 0.059595830738544464, -0.12119218707084656, 0.9890133738517761, -0.25182297825813293, -1.2256011962890625, 0.4112994074821472, 0.8516478538513184, -1.5914568901062012, -1.9165995121002197, 0.9768751263618469, 1.2410480976104736, -0.37408432364463806, -0.04259517416357994, 0.6765285730361938, 1.6568528413772583, 0.38163521885871887]"
synthetic_046.png,"[-0.4021732211112976, -0.6318531632423401, -0.8279587626457214, -0.2755894362926483, -1.4401458501815796, 0.23923741281032562, -0.6738875508308411, -0.7605381608009338, 0.04459201171994209, -1.4543477296829224, -0.24804188311100006, -0.48030930757522583, -0.7693715691566467, 0.1678313910961151, 0.9003912210464478, -0.20004574954509735, 1.4544305801391602, 0.7940429449081421, -0.9082379341125488, 0.2707703709602356, 0.4257088899612427, 0.6678953766822815, 0.5991243720054626, 1.2024272680282593, 0.42053794860839844, 0.5193905234336853, 1.9224753379821777, 0.5129472613334656, -0.5764066576957703, -1.18027925491333, 0.9378607273101807, -1.2348086833953857]"
synthetic_047.png,"[0.625564455986023, -0.08657815307378769, -0.23360919952392578, -0.6937837600708008, 0.7362208962440491, -0.3704248070716858, 0.8580679893493652, -0.661348819732666, 0.9737913608551025, -1.0926122665405273, 0.732018768787384, 0.7459383010864258, -1.0339616537094116, 0.5284004807472229, 0.2580593526363373, 0.7283983826637268, 0.05662928521633148, 0.08977336436510086, -0.3345046043395996, 0.010638013482093811, -0.8246098756790161, 0.2704566717147827, 1.133969783782959, -1.5053843259811401, -0.441459596157074, 0.0850784033536911, 0.19825151562690735, -1.52021324634552, -0.013080727308988571, -0.1652204841375351, -0.270776629447937, -0.9666153788566589]"
synthetic_048.png,"[0.28375935554504395, -0.30323195457458496, 1.7112981081008911, -0.6874330043792725, -0.8037627339363098, -0.692745566368103, 0.8893839716911316, 0.09773542732000351, 1.6026897430419922, -0.08724601566791534, -0.7158299684524536, 0.5766697525978088, -0.4082244038581848, -0.2679060101509094, 1.8441909551620483, -2.3284010887145996, -2.160163164138794, 0.6967268586158752, -0.10394842177629471, 0.5098719596862793, 1.6302870512008667, -0.9092488288879395, 0.3256300389766693, 0.7204626798629761, -0.17655330896377563, -0.5871643424034119, -0.4995087683200836, 1.8703140020370483, 0.8980769515037537, -2.0440971851348877, -0.4224703013896942, 0.9072107672691345]"
synthetic_049.png,"[0.647769033908844, 1.4820972681045532, 0.23970021307468414, 1.19589364528656, -0.024138785898685455, 0.8948444724082947, 0.6168419718742371, 1.1115034818649292, 0.2458638995885849, 1.1625350713729858, -1.0066279172897339, 0.9034364819526672, -0.5073729157447815, 0.7376425266265869, 0.8616988658905029, -1.4823296070098877, -1.207783818244934, -0.20588286221027374, 2.346337080001831, 1.264918327331543, 1.990868330001831, 0.3912925124168396, 1.2266204357147217, -1.742891788482666, -0.09616082906723022, 0.9769008755683899, 0.6602358818054199, 0.07572929561138153, 1.3039785623550415, 0.1521889865398407, -0.8276489973068237, 0.7295607924461365]"
synthetic_050.png,"[-0.3824153542518616, -2.6369903087615967, 0.06994139403104782, -1.713399887084961, -0.6645153760910034, 0.601383626461029, 0.6977424025535583, 0.6244494915008545, -0.878980278968811, -0.17094576358795166, -0.3304174542427063, -0.01235931646078825, 0.6348206996917725, -1.8597134351730347, -2.3576416969299316, -1.1417255401611328, -0.05231653153896332, -0.7775922417640686, -0.40716230869293213, 0.3080821931362152, -0.7404783368110657, -1.0745763778686523, -0.7785284519195557, 0.9357002377510071, 0.19614644348621368, 0.1554223597049713, 1.7601598501205444, 0.5053502321243286, -0.591266393661499, -1.1679093837738037, 2.2301862239837646, 0.6395713686943054]"
synthetic_051.png,"[-0.41213396191596985, -0.5813948512077332, -0.6347984075546265, -0.7375676035881042, -0.5001185536384583, -1.4326047897338867, -1.406050205230713, 0.7410434484481812, -0.7675947546958923, 0.9712180495262146, -1.5483183860778809, 0.06869757175445557, 0.655392050743103, 0.2663632035255432, 1.4733315706253052, -0.4442545771598816, -2.5396385192871094, 0.9352392554283142, -0.19622869789600372, 0.46225252747535706, 1.8239107131958008, -1.0836195945739746, 1.5666905641555786, -1.1151854991912842, -0.7078166604042053, 1.0123038291931152, 0.6147757172584534, -1.352556824684143, 0.13357621431350708, 2.1123101711273193, 0.06915716081857681, -0.4213026463985443]"
synthetic_052.png,"[2.213651657104492, -2.416684627532959, -2.0560104846954346, -1.641350269317627, 0.5037386417388916, 0.2965220808982849, -0.4404991865158081, 1.002485990524292, -0.7579317092895508, -1.0677969455718994, -0.4352683424949646, 0.5980623364448547, -1.070495843887329, 0.7964811325073242, 0.7631840705871582, -0.8196028470993042, 0.30047550797462463, 0.22969254851341248, 0.4337766766548157, -0.14984050393104553, -0.13327574729919434, -1.4811497926712036, 0.15312179923057556, -1.6782011985778809, 0.7585234642028809, 1.1675854921340942, -0.44419407844543457, -0.1784278154373169, 0.24875770509243011, 0.1522298902273178, -0.677574634552002, 0.31272435188293457]"
synthetic_053.png,"[-0.10058597475290298, 0.8441537022590637, -0.03610093891620636, 1.119794249534607, -0.6335464119911194, 1.5224422216415405, 0.8758795857429504, 1.1099754571914673, 2.177934169769287, -2.2615952491760254, 0.5162382125854492, -0.8148304224014282, -0.2360023409128189, 0.9043543934822083, -0.30212628841400146, -0.49481815099716187, 0.24046002328395844, -0.6858583688735962, -0.6631947755813599, 0.10378175973892212, 0.739163339138031, 0.373951256275177, 1.1498339176177979, -0.9275825023651123, -0.705834150314331, -0.48076674342155457, -0.77485191822052, -0.8076593279838562, 1.2352361679077148, 0.8135022521018982, 0.3589775562286377, 0.2080708146095276]"
synthetic_054.png,"[-0.8582167029380798, 0.07162344455718994, -0.9100110530853271, 0.5835669040679932, 0.9737518429756165, 0.09404030442237854, -0.3970755934715271, -0.9326242208480835, 1.4509468078613281, -0.39233121275901794, -1.259353756904602, -0.9860478043556213, 1.0178427696228027, 0.7193242907524109, 0.995574951171875, 0.5975705981254578, -0.1794019490480423, 1.701254963874817, 0.20235787332057953, 0.45105597376823425, -0.3003499209880829, -2.952274799346924, 1.0459177494049072, -2.356302261352539, -1.5695890188217163, -0.12316376715898514, 0.14043864607810974, 0.4171757996082306, 0.1919483095407486, -0.045560915023088455, -0.4018251597881317, -0.0829850286245346]"
synthetic_055.png,"[-0.8526585102081299, 0.22192659974098206, 0.7172229290008545, -0.6765679717063904, -0.614206850528717, -1.1020922660827637, 0.37614887952804565, 0.43921104073524475, 1.00334894657135, 0.622308611869812, 0.0791391134262085, 1.010240077972412, -1.7403087615966797, 0.8275132775306702, 2.066816806793213, -0.62308269739151, 0.7024741172790527, 0.570034384727478, -0.7231957912445068, 1.1847584247589111, -1.3972759246826172, -0.12401467561721802, 0.6177117228507996, 1.473976492881775, 1.1612201929092407, -1.5395427942276, -1.0297082662582397, 0.7097050547599792, 0.36156225204467773, -0.06374215334653854, -0.48020023107528687, 0.4402109980583191]"
synthetic_056.png,"[1.3035932779312134, -1.2788208723068237, 0.019972987473011017, 1.3243275880813599, -1.5262608528137207, 0.5680391192436218, -0.37941017746925354, -0.09895583242177963, -1.338544487953186, -0.3592682480812073, 0.13219518959522247, -0.9994402527809143, -1.2059847116470337, 0.6563001275062561, -1.1624020338058472, -1.0336320400238037, -0.7683929800987244, 1.670973539352417, 0.9516945481300354, -1.081979513168335, -0.0496235191822052, -1.6324617862701416, 0.16730959713459015, -0.8145236968994141, 0.49651914834976196, 0.10909612476825714, 0.2633064389228821, 0.5510714650154114, 0.6052277088165283, 0.0794491097331047, -0.8129383325576782, -1.7927615642547607]"
synthetic_057.png,"[-0.27337846159935, -0.5662748217582703, 0.929016649723053, 0.28202930092811584, -0.5021860599517822, 0.7366549372673035, -0.5624828338623047, 0.43605053424835205, -0.6395894885063171, -0.5425677299499512, 0.6991831660270691, -2.1337924003601074, 0.04154106602072716, -0.03360156714916229, -0.6007839441299438, 0.3989742696285248, -0.5743118524551392, -0.6403028964996338, -0.606429934501648, 0.7543939352035522, 0.5698791146278381, -0.04942268133163452, 0.47930851578712463, 0.8329750895500183, 0.2707057595252991, 2.149620532989502, -0.9803414344787598, -0.6252174377441406, 0.6712983250617981, -1.3917702436447144, -0.8615671992301941, -0.9273383617401123]"
synthetic_058.png,"[0.1883753091096878, -0.7902984023094177, -0.8582923412322998, 0.6991942524909973, 0.3864281177520752, 0.6075983643531799, -1.3437141180038452, 1.8679285049438477, -1.5761955976486206, 0.05145205184817314, -1.3696564435958862, -0.9337893128395081, -0.14255750179290771, -1.1331820487976074, -0.8016420602798462, 1.1362264156341553, 0.040874969214200974, -0.5055702924728394, -0.08996817469596863, 1.5921443700790405, -1.096494197845459, -0.9515736103057861, -1.3032045364379883, 0.7136855125427246, -2.9711790084838867, -0.43455541133880615, 0.8474774360656738, 0.578727126121521, -0.031706660985946655, 1.9289827346801758, 0.5312516093254089, 0.5932250022888184]"
synthetic_059.png,"[0.2643500566482544, -1.3282314538955688, 0.6445572972297668, 1.0039148330688477, 0.14992305636405945, 1.4413261413574219, 0.16720664501190186, -1.2278763055801392, 0.6466032862663269, -0.40088510513305664, -1.7118432521820068, -0.7928543090820312, 2.1108896732330322, 1.9903533458709717, -0.07228569686412811, 1.4268289804458618, -0.3306807577610016, -1.097851037979126, 0.35930877923965454, -1.5952903032302856, 0.9869543313980103, 0.24359475076198578, 0.25497370958328247, 2.657541513442993, 1.1130671501159668, -1.390875220298767, 0.7740592360496521, 0.04493488371372223, 0.7258732318878174, -0.9188366532325745, -0.43152597546577454, 1.8855301141738892]"
synthetic_060.png,"[-0.4932864308357239, 0.7195672988891602, -0.3115277588367462, 0.877387523651123, 0.1993979513645172, -0.1599731147289276, 0.9429042935371399, 0.7135409116744995, -0.9998350739479065, -0.325679749250412, -0.7943099141120911, -1.4129308462142944, 1.634692907333374, -0.5488495826721191, -0.4743208587169647, 0.4803057014942169, 0.24753090739250183, -0.46328607201576233, 1.6134674549102783, 1.2389479875564575, 0.39800432324409485, 0.7431360483169556, 0.7243220210075378, 0.9617478251457214, 0.4990851581096649, -0.8657352328300476, -1.2946019172668457, -0.2162838578224182, 0.5248396396636963, -0.7159270644187927, -0.08979048579931259, 1.0847978591918945]"
synthetic_061.png,"[0.024759506806731224, 0.07709011435508728, -2.8412444591522217, 0.6551958918571472, 2.006776809692383, 1.1040436029434204, 1.2693336009979248, -1.0391159057617188, -0.5604958534240723, 1.6597660779953003, 1.0543094873428345, -0.34713563323020935, 1.6579718589782715, 0.9947565793991089, 0.8985775709152222, 0.9632635712623596, 1.0937020778656006, -1.606557846069336, -1.5996968746185303, -1.6333367824554443, 0.7561683058738708, 0.7283878922462463, 0.910990834236145, 0.5606626868247986, 0.6774129271507263, -0.8711486458778381, -2.378281354904175, -1.1575051546096802, -1.613035798072815, 0.8262892961502075, 0.37634867429733276, -1.5866111516952515]"
synthetic_062.png,"[0.8620542287826538, 0.42230454087257385, -0.7682908177375793, 0.8808023929595947, -0.2713133692741394, 1.0041892528533936, 0.5723814368247986, 1.0582202672958374, -0.8938862085342407, 0.11346445232629776, 0.15231074392795563, 2.086900472640991, -0.5125066637992859, 1.7046657800674438, 0.04944538325071335, -1.1465179920196533, 0.0012313444167375565, -2.7185325622558594, -1.036026954650879, -0.38397613167762756, 0.9812957644462585, 1.0148180723190308, 1.9552345275878906, 1.323970913887024, -0.313728004693985, 0.7982318997383118, -0.40139487385749817, 0.40015745162963867, -0.9479306936264038, -1.0762720108032227, 0.3555859923362732, 1.5237648487091064]"
synthetic_063.png,"[-0.07689858227968216, -1.6541712284088135, -0.07672132551670074, -0.8924337029457092, 0.7043358087539673, 0.6984654664993286, -0.9551275968551636, 0.19233375787734985, 0.8261792063713074, -0.00975498091429472, 3.003239631652832, 2.5295588970184326, -1.2166783809661865, 0.7930973768234253, 2.0179028511047363, 0.9608439803123474, -0.087973453104496, 1.4899027347564697, 1.7141437530517578, -0.24978399276733398, -0.5885124802589417, 1.016074538230896, -1.0808278322219849, -1.0246609449386597, 0.33700835704803467, -0.19346432387828827, -0.43984097242355347, 0.43131592869758606, -1.8548637628555298, -0.18327142298221588, 0.26999223232269287, 0.44058099389076233]"
