Mean_K,Mean_dP/dy,FlowRate,Porosity,Anisotropy,Type
0.15352118015289307,0.0004239202826283872,0.0008482252596877515,0.4384307861328125,1.0008838176727295,real
0.15721458196640015,0.00041510339360684156,0.0008326537208631635,0.425384521484375,1.0058704614639282,real
0.19765178859233856,0.0003854106762446463,0.0007702907314524055,0.4666748046875,0.9985972046852112,real
0.1981201171875,0.0003863323072437197,0.0007763644680380821,0.481170654296875,1.0095505714416504,real
0.15393324196338654,0.000418143899878487,0.0008406852139160037,0.4436492919921875,1.010492205619812,real
0.1573580801486969,0.0004171616747044027,0.0008363461820408702,0.4589996337890625,1.0048248767852783,real
0.17340418696403503,0.00040744245052337646,0.0008086410816758871,0.510223388671875,0.9846513867378235,real
0.19268622994422913,0.0003853165253531188,0.000781921437010169,0.3463592529296875,1.0292696952819824,real
0.19741231203079224,0.00039108871715143323,0.0007785353809595108,0.36822509765625,0.9906620383262634,real
0.14771145582199097,0.00042207774822600186,0.0008494972134940326,0.3873138427734375,1.0126317739486694,real
0.14265501499176025,0.0004227070603519678,0.0008433337789028883,0.394134521484375,0.9950549602508545,real
0.15320780873298645,0.00042329641291871667,0.000853298173751682,0.4616546630859375,1.0158168077468872,real
0.19492101669311523,0.00039574276888743043,0.0007935300236567855,0.35064697265625,1.005140781402588,real
0.20151343941688538,0.0003815499076154083,0.0007694177329540253,0.400054931640625,1.0165319442749023,real
0.1464655101299286,0.0004368429072201252,0.0008801851654425263,0.447113037109375,1.0148546695709229,real
0.14851810038089752,0.00043454853584989905,0.0008684670319780707,0.443115234375,0.9985271692276001,real
0.16080430150032043,0.0004112854949198663,0.0008205783669836819,0.442840576171875,0.9951308965682983,real
0.20298311114311218,0.0003841369762085378,0.0007648076862096786,0.3889923095703125,0.9909505844116211,real
0.20553457736968994,0.00038406113162636757,0.0007699775160290301,0.46173095703125,1.0048043727874756,real
0.14820021390914917,0.00042520713759586215,0.000851356890052557,0.4406280517578125,1.0021932125091553,real
0.16385963559150696,0.0003932755207642913,0.0007873825379647315,0.1649932861328125,1.0020887851715088,synthetic
0.1511671543121338,0.00039841141551733017,0.0008027767762541771,0.0874176025390625,1.0149188041687012,synthetic
0.148603618144989,0.0004016587627120316,0.0008062052074819803,0.108245849609375,1.0071642398834229,synthetic
0.14954546093940735,0.00040098081808537245,0.0008098025573417544,0.07781982421875,1.019528865814209,synthetic
0.14675003290176392,0.00040590378921478987,0.0008121073478832841,0.087005615234375,1.00071382522583,synthetic
0.1570311188697815,0.0004032024007756263,0.0008057963568717241,0.1393280029296875,0.9984662532806396,synthetic
0.16107967495918274,0.000394160277210176,0.0007835024734959006,0.1396331787109375,0.9877512454986572,synthetic
0.1526782214641571,0.0003989704418927431,0.0008083140710368752,0.097686767578125,1.025974154472351,synthetic
0.16047048568725586,0.0003984491340816021,0.0007953275344334543,0.1389923095703125,0.9960328340530396,synthetic
0.1417190432548523,0.0004111090092919767,0.0008200715528801084,0.0559844970703125,0.9947546124458313,synthetic
0.14261814951896667,0.00040748328319750726,0.0008155381656251848,0.0584564208984375,1.0013781785964966,synthetic
0.14913666248321533,0.0004073198069818318,0.0008148176711983979,0.101470947265625,1.0004125833511353,synthetic
0.16334915161132812,0.00039841874968260527,0.0007930762367323041,0.1318359375,0.9905347228050232,synthetic
0.17171090841293335,0.00039471412310376763,0.0007899829652160406,0.2013702392578125,1.0013799667358398,synthetic
0.14137473702430725,0.0004145978600718081,0.0008312301361002028,0.0531158447265625,1.0048826932907104,synthetic
0.15201079845428467,0.00040836361586116254,0.0008094098884612322,0.105865478515625,0.9820572137832642,synthetic
0.1525716632604599,0.0004107122076675296,0.0008263835916295648,0.11773681640625,1.012049913406372,synthetic
0.14770783483982086,0.00040421116864308715,0.0008091840427368879,0.0898895263671875,1.0018596649169922,synthetic
0.1553272157907486,0.00040238347719423473,0.0008025332354009151,0.1256561279296875,0.9944241046905518,synthetic
0.15750199556350708,0.00040073905256576836,0.0007995716296136379,0.12188720703125,0.9952176809310913,synthetic
0.15613743662834167,0.0004020031774416566,0.0008096818346530199,0.1160736083984375,1.0140926837921143,synthetic
0.14675061404705048,0.0004014200530946255,0.000806247116997838,0.0792999267578125,1.0084621906280518,synthetic
0.15866604447364807,0.00039865958387963474,0.0007971883751451969,0.1009674072265625,0.9996467232704163,synthetic
0.140310138463974,0.000411733373766765,0.0008179700234904885,0.063751220703125,0.9866257905960083,synthetic
0.15607792139053345,0.0003985814400948584,0.0007991149323061109,0.1251068115234375,1.00487220287323,synthetic
0.1519060730934143,0.00040096419979818165,0.000804167939350009,0.1068267822265625,1.0055603981018066,synthetic
0.16052132844924927,0.00040119022014550865,0.0007981157395988703,0.1241607666015625,0.9893452525138855,synthetic
0.1590750813484192,0.00039439962711185217,0.0007889446569606662,0.12481689453125,1.0003432035446167,synthetic
0.1483554244041443,0.0004023324581794441,0.0008036197395995259,0.0962677001953125,0.9973773956298828,synthetic
0.14170776307582855,0.0004140837991144508,0.0008300873450934887,0.076629638671875,1.0046119689941406,synthetic
0.15028294920921326,0.0004051337018609047,0.0008128026966005564,0.091461181640625,1.0062329769134521,synthetic
0.15764111280441284,0.0004007148090749979,0.0008018480730243027,0.1363677978515625,1.0010192394256592,synthetic
0.14394313097000122,0.00040758628165349364,0.0008158379350788891,0.0665130615234375,1.001607894897461,synthetic
0.15635836124420166,0.00040221665403805673,0.0008044475689530373,0.108551025390625,1.00001060962677,synthetic
0.1584322452545166,0.00040200792136602104,0.0008023610571399331,0.149810791015625,0.9958589673042297,synthetic
0.16210466623306274,0.0003928058431483805,0.0007823461783118546,0.148468017578125,0.9916614294052124,synthetic
0.14003878831863403,0.0004134273622184992,0.0008299277978949249,0.0624237060546875,1.0074087381362915,synthetic
0.16162626445293427,0.00039844747516326606,0.0007979138754308224,0.13238525390625,1.0025320053100586,synthetic
0.16536274552345276,0.0003970450779888779,0.0007911368156783283,0.167999267578125,0.9925366640090942,synthetic
0.14993828535079956,0.00039996393024921417,0.0008002935210242867,0.09344482421875,1.0008890628814697,synthetic
0.14822545647621155,0.00040334381628781557,0.0008126129396259785,0.0888671875,1.0146652460098267,synthetic
0.15076804161071777,0.0004041551728732884,0.0008030835306271911,0.1002655029296875,0.9870427846908569,synthetic
0.14025670289993286,0.00041401589987799525,0.0008275671862065792,0.0594635009765625,0.9988536238670349,synthetic
0.1425003856420517,0.0004084160609636456,0.0008119882550090551,0.0494537353515625,0.9881157279014587,synthetic
0.1652575433254242,0.0004012655990663916,0.0008055128273554146,0.1841278076171875,1.007405400276184,synthetic
0.1599683314561844,0.00039702298818156123,0.0007968664285726845,0.1458587646484375,1.0070786476135254,synthetic
0.16394710540771484,0.0003956349682994187,0.0007918785559013486,0.146209716796875,1.001512885093689,synthetic
0.14528973400592804,0.00040442129829898477,0.0008128767949528992,0.0699005126953125,1.0099502801895142,synthetic
0.1444946527481079,0.0003990801051259041,0.0008049859898164868,0.06805419921875,1.0170782804489136,synthetic
0.15868595242500305,0.0004014192381873727,0.0008029669988900423,0.1265411376953125,1.0002952814102173,synthetic
0.16693924367427826,0.000399174663471058,0.0007945631514303386,0.160247802734375,0.9904901385307312,synthetic
0.17138759791851044,0.0004004834918305278,0.0007927109254524112,0.180419921875,0.9793602228164673,synthetic
0.14387956261634827,0.0004060159553773701,0.0008077953825704753,0.0683441162109375,0.989541232585907,synthetic
0.15446726977825165,0.00040271319448947906,0.0008098847465589643,0.1229095458984375,1.0110455751419067,synthetic
0.15965518355369568,0.0004004095389973372,0.0007996547501534224,0.1160736083984375,0.9970672726631165,synthetic
0.15610837936401367,0.00040204863762483,0.0008074012002907693,0.136688232421875,1.0081926584243774,synthetic
0.14489132165908813,0.0004121718811802566,0.0008227099315263331,0.091888427734375,0.9960118532180786,synthetic
0.14159931242465973,0.00041838124161586165,0.000838779320474714,0.0616455078125,1.0047965049743652,synthetic
0.1537795066833496,0.0004063111846335232,0.0008101908024400473,0.106475830078125,0.9939910769462585,synthetic
0.13867121934890747,0.0004077586636412889,0.0008118849946185946,0.041473388671875,0.9910677075386047,synthetic
0.15662957727909088,0.00039785707485862076,0.000800935085862875,0.1270904541015625,1.0130970478057861,synthetic
0.14986640214920044,0.00040823506424203515,0.000817326654214412,0.0729827880859375,1.0020735263824463,synthetic
0.1489172875881195,0.0004073618911206722,0.0008163473685272038,0.0904388427734375,1.0039609670639038,synthetic
0.14933091402053833,0.0003992007696069777,0.0007997865322977304,0.0870361328125,1.0034443140029907,synthetic
0.16922050714492798,0.000400738965254277,0.0007986981654539704,0.2420654296875,0.9930385947227478,synthetic
0.019994428381323814,0.015373561531305313,0.03070078417658806,0.076568603515625,0.9969851970672607,synthetic
0.01952541619539261,0.015398434363305569,0.030819006264209747,0.0738372802734375,1.0014370679855347,synthetic
0.022369593381881714,0.015254219993948936,0.030458228662610054,0.08489990234375,0.9967076778411865,synthetic
0.02286064438521862,0.015217043459415436,0.03037199005484581,0.0875091552734375,0.9959185719490051,synthetic
0.02961847558617592,0.01476413942873478,0.029593542218208313,0.11370849609375,1.0044198036193848,synthetic
0.025475386530160904,0.015063626691699028,0.030217930674552917,0.09765625,1.006018877029419,synthetic
0.020085398107767105,0.015441802330315113,0.030940020456910133,0.076263427734375,1.003652811050415,synthetic
0.016604598611593246,0.015651695430278778,0.03125540167093277,0.06304931640625,0.9969334602355957,synthetic
0.01853082701563835,0.015502583235502243,0.030940920114517212,0.0707244873046875,0.9958550930023193,synthetic
0.030698828399181366,0.014621340669691563,0.029264144599437714,0.1177520751953125,1.001467227935791,synthetic
0.02302531898021698,0.015297716483473778,0.030503099784255028,0.0880584716796875,0.9939635992050171,synthetic
0.024650469422340393,0.015114909037947655,0.030214110389351845,0.09405517578125,0.9989600777626038,synthetic
0.029305117204785347,0.014813341200351715,0.029691871255636215,0.11212158203125,1.0044000148773193,synthetic
0.023766595870256424,0.015184731222689152,0.030372638255357742,0.090789794921875,1.0002083778381348,synthetic
0.018870873376727104,0.015528002753853798,0.031002337113022804,0.0719146728515625,0.9965431094169617,synthetic
0.016602832823991776,0.015695422887802124,0.03132740408182144,0.062530517578125,0.9959572553634644,synthetic
0.03133087232708931,0.014602351002395153,0.02925371378660202,0.121337890625,1.003355622291565,synthetic
0.01888575777411461,0.015590480528771877,0.030995622277259827,0.0721893310546875,0.9881113171577454,synthetic
0.020555846393108368,0.015330151654779911,0.03073207288980484,0.0783233642578125,1.0046809911727905,synthetic
0.022586477920413017,0.015299415215849876,0.030541710555553436,0.08685302734375,0.9962659478187561,synthetic
0.03815501928329468,0.01423284038901329,0.028423788025975227,0.14691162109375,0.9970558881759644,synthetic
0.018164407461881638,0.015563517808914185,0.031140249222517014,0.0693359375,1.0008482933044434,synthetic
0.030151531100273132,0.014736481942236423,0.029437130317091942,0.1159515380859375,0.9975677132606506,synthetic
0.022435909137129784,0.015344290062785149,0.030707262456417084,0.0865020751953125,1.0012168884277344,synthetic
0.01652589626610279,0.015669193118810654,0.031378284096717834,0.0631256103515625,1.0025455951690674,synthetic
0.026928860694169998,0.014952413737773895,0.02989916503429413,0.1028289794921875,0.9996205568313599,synthetic
0.02175477147102356,0.015330096706748009,0.03061685711145401,0.082427978515625,0.997172474861145,synthetic
0.021768741309642792,0.015293123200535774,0.030585750937461853,0.083160400390625,0.9999669194221497,synthetic
0.02106855809688568,0.015293968841433525,0.030574308708310127,0.080596923828125,0.9991081953048706,synthetic
0.01933702826499939,0.015383739955723286,0.030813518911600113,0.0733184814453125,1.0029921531677246,synthetic
0.018523063510656357,0.01550716906785965,0.031049344688653946,0.069915771484375,1.0022567510604858,synthetic
0.027983948588371277,0.014913555234670639,0.029723381623625755,0.1067962646484375,0.9930439591407776,synthetic
0.022801732644438744,0.015200827270746231,0.030433567240834236,0.0870361328125,1.0020986795425415,synthetic
0.01626277156174183,0.015653271228075027,0.031316954642534256,0.061431884765625,1.0006645917892456,synthetic
0.018527790904045105,0.015434116125106812,0.03089187666773796,0.070831298828125,1.0015313625335693,synthetic
0.021450836211442947,0.015329726040363312,0.03055410087108612,0.0818328857421875,0.9931270480155945,synthetic
0.021355468779802322,0.01534921396523714,0.03066524863243103,0.08135986328125,0.9978377223014832,synthetic
0.019293121993541718,0.015544671565294266,0.030960891395807266,0.073150634765625,0.9917359948158264,synthetic
0.022800549864768982,0.015244267880916595,0.03045709989964962,0.086761474609375,0.9979372024536133,synthetic
0.009920875541865826,0.015998905524611473,0.031990647315979004,0.0363616943359375,0.99955153465271,synthetic
0.019755899906158447,0.015491051599383354,0.03093978762626648,0.0750885009765625,0.9972677230834961,synthetic
0.020871764048933983,0.015352930873632431,0.030612464994192123,0.0800323486328125,0.9939160346984863,synthetic
0.02362045645713806,0.015183350071310997,0.030374299734830856,0.0909423828125,1.0004998445510864,synthetic
0.012290027923882008,0.015832819044589996,0.03169333189725876,0.0459747314453125,1.0017485618591309,synthetic
0.03139452636241913,0.014587022364139557,0.029209911823272705,0.1201629638671875,1.002458095550537,synthetic
0.02336777374148369,0.015197031199932098,0.030341925099492073,0.0889739990234375,0.9965685606002808,synthetic
0.02243073284626007,0.015240982174873352,0.030447982251644135,0.0850677490234375,0.9977696537971497,synthetic
0.018835928291082382,0.015501851215958595,0.03097073920071125,0.071807861328125,0.9978729486465454,synthetic
0.017828399315476418,0.015505338087677956,0.03109755367040634,0.0683135986328125,1.0056023597717285,synthetic
0.02465561404824257,0.015055790543556213,0.030186258256435394,0.093963623046875,1.0049593448638916,synthetic
0.022200729697942734,0.015175889246165752,0.030419878661632538,0.0849151611328125,1.0044866800308228,synthetic
0.016241125762462616,0.0156633872538805,0.03139467537403107,0.0608367919921875,1.004334568977356,synthetic
0.017140092328190804,0.015565196052193642,0.031258873641490936,0.065093994140625,1.008253574371338,synthetic
0.029589621350169182,0.014795273542404175,0.02952587977051735,0.113555908203125,0.9956284761428833,synthetic
0.016388073563575745,0.015682321041822433,0.0313078872859478,0.0617218017578125,0.9963803887367249,synthetic
0.02460792474448681,0.015191404148936272,0.030218755826354027,0.09375,0.9892002940177917,synthetic
0.022023160010576248,0.015247708186507225,0.030570082366466522,0.0844268798828125,1.0048962831497192,synthetic
0.02154063805937767,0.015284297987818718,0.030540941283106804,0.081329345703125,0.9981899857521057,synthetic
0.02352142333984375,0.015174904838204384,0.03036220371723175,0.089111328125,1.000815987586975,synthetic
0.031473927199840546,0.014454841613769531,0.029004259034991264,0.1210479736328125,1.0065420866012573,synthetic
0.028135741129517555,0.014877542853355408,0.02964843064546585,0.1081390380859375,0.9928305149078369,synthetic
0.026758680120110512,0.014869548380374908,0.029874349012970924,0.10211181640625,1.0090951919555664,synthetic
0.029953841120004654,0.014699216932058334,0.029417237266898155,0.1152191162109375,1.0012785196304321,synthetic
0.01279766671359539,0.01586856134235859,0.03175881505012512,0.047698974609375,1.001366376876831,synthetic
